time,Tweet
2022-08-31 07:23:32+00:00,"RT @lindainthesky1: @whitby_mick This hotel will be filled with men who have landed on boats 
We are on our knees some families terrified t‚Ä¶"
2022-08-31 07:23:32+00:00,"@AmbreenPTI1 What the hell?
Who gave them this helicopter? Who taught these quacks that this is best distribution m‚Ä¶ https://t.co/z63bJbMaIp"
2022-08-31 07:23:31+00:00,Chickpea is a highly nutritious pulse and places third in the importance list of the food legumes that are cultivat‚Ä¶ https://t.co/u0Tkxo0E5W
2022-08-31 07:23:31+00:00,"RT @Indian_Analyzer: BIG Revelation by RTI:

PM Modi himself pays for his Food. Tax Payers Money is not used for itü§Ø"
2022-08-31 07:23:31+00:00,"RT @meaza_AG: ‚ö†Ô∏èNo food. No medicine.
No banks. No electricity.
No internet. Just bombs.
Please pray for the ppl of Tigray, who are trapped‚Ä¶"
2022-08-31 07:23:31+00:00,RT @PAMIOfficial1: Mission Essar is grateful to all of the faculty members of Azra Naheed Dental College for donating their one-day salarie‚Ä¶
2022-08-31 07:23:31+00:00,RT @NankabirwaRS: Leadership at Global Scale: Yesterday I met with the Minister of International Development of Norway @AnneBeathe_ in Oslo‚Ä¶
2022-08-31 07:23:30+00:00,"Turkish Ambassador H.E. Mehmet Pa√ßaci, Consul General Cemal Sangu, Representatives of MoFA and NDMA received the pl‚Ä¶ https://t.co/eqy0MXJHuG"
2022-08-31 07:23:29+00:00,RT @TheBWSTimes: Nzingah Oniwosan likes raw food. The holistic health consultant knows the effects of a good diet on personal health and we‚Ä¶
2022-08-31 07:23:28+00:00,"RT @mazaTDF1: üíî#TigrayIsSuffering ""About half a million children are estimated to lack food in Tigray, including over 115,000 severely maln‚Ä¶"
2022-08-31 07:23:27+00:00,"RT @AVeteran1956: Mr Prime Minister, it costs millions in forex to operate your VVIP helicopters. Please stop flying around in flood affect‚Ä¶"
2022-08-31 07:23:26+00:00,"RT @sabaalem6_sabi: #TigrayGenocide
The emergency food security assessment, Z first time conducted by @WFP in Tigray this year, paints a wo‚Ä¶"
2022-08-31 07:23:26+00:00,"RT @terrydiet: ppl throw away food, chew n spit, purge, but draw the line at putting sunscreen on food?"
2022-08-31 07:23:26+00:00,"RT @Birktawi: #TigrayGenocide
The emergency food security assessment, Z first time conducted by @WFP in Tigray this year, paints a worrying‚Ä¶"
2022-08-31 07:23:26+00:00,"RT @IamHappyToast: Remember none of this needs to happen. The climate could be saved, fuel could not cost so much, kids could have food, bu‚Ä¶"
2022-08-31 07:23:26+00:00,"RT @JoeyDempsey12: @CoraSherlock In @McDonaldsIRL recently, 1st time in 2 years. Food, horrific,(Tullamore)  but I had 2 help 3 people navi‚Ä¶"
2022-08-31 07:23:25+00:00,"RT @IamHappyToast: Remember none of this needs to happen. The climate could be saved, fuel could not cost so much, kids could have food, bu‚Ä¶"
2022-08-31 07:23:25+00:00,"RT @TdfEyu: Theüá™üáπ|n government is a Terrorist.
Where on earth do gov't 
Bombard
Siege
Block food, medicine, access,..etc
 Blackout basic se‚Ä¶"
2022-08-31 07:23:25+00:00,"RT @ShrewsFoodHub: Holy Spirit #FoodShare this Wednesday! ü•´ - PLEASE SHARE THIS POST! 
ü•¶Wednesday 31st August 9:30 - 11am- run on a pay as‚Ä¶"
2022-08-31 07:23:24+00:00,"RT @Carlmg80: Eat gone off food, don't use gas/electricity, drink contaminated water, swim in sewerage. The sunlit uplands the Tories promi‚Ä¶"
2022-08-31 07:23:24+00:00,"RT @IBRescue: Alphie
Available 8/27
Female
13 weeks
will do well in a family with young kids and has not been exposed to other dogs or cats‚Ä¶"
2022-08-31 07:23:23+00:00,"RT @tomdwyer744: I know I have to get some more Food bowls, I'll get some on the 3rd.  I have 
$3.00 until then, Everyone is fed and watere‚Ä¶"
2022-08-31 07:23:22+00:00,RT @RUT0NIVERSE: To Junkyu: The hyung that I have a lot to thank for. I‚Äôll take care of you from now on. I don't know how you feel because‚Ä¶
2022-08-31 07:23:22+00:00,"RT @Birktawi: @WFP said, 
üìå 5.2M million ppl of #Tigray, nearly 90% of the population are now deemed ‚Äúfood insecure‚Äù, out of those 
üìå 2.4 m‚Ä¶"
2022-08-31 07:23:22+00:00,@charguerinn Just make sure he is eating during take off and landing so his ears pop and he‚Äôs not uncomfortable the‚Ä¶ https://t.co/iy2nupCiXU
2022-08-31 07:23:21+00:00,"@Muhamma19801504 @NaseemK73205953 Kashif, tonight we will move towards DIKhan &amp; tomorrow we will distribute food pa‚Ä¶ https://t.co/ubVVPctdjC"
2022-08-31 07:23:21+00:00,"RT @HeyItsOlisa: 4. KISSES NOT BITES

You dey call me cupcake no mean say you go actually chop me na, Ahn Emeka if food is your problem eat‚Ä¶"
2022-08-31 07:23:21+00:00,"@Diktat17 @WullieFBSI @Femi_Sorry Are you high? I have never been on benefits, nor any of my family members, and we‚Ä¶ https://t.co/ynOMXsCibs"
2022-08-31 07:23:21+00:00,RT @KanchanGupta: Malicious @thewire_in spreads the canard that in his 'Mann ki Baat' PM Modi said 'conducting bhajans can help reduce maln‚Ä¶
2022-08-31 07:23:21+00:00,"RT @dTA9O7d9RwpmqRh: The #TigrayFamine was not ""averted"", as @WFPChief irresponsibly told @BBCAfrica. It may have paused but will resume if‚Ä¶"
2022-08-31 07:23:21+00:00,"RT @SecBlinken: As Pakistan suffers from devastating flooding, the¬†United States‚Äîthrough¬†@USAID‚Äîis now providing $30 million towards¬†critic‚Ä¶"
2022-08-31 07:23:21+00:00,"RT @GiGi_Kir: #TigrayGenocide
The emergency food security assessment, Z first time conducted by @WFP in Tigray this year, paints a worrying‚Ä¶"
2022-08-31 07:23:20+00:00,"@HPlaysPiano Regular exercise, healthy food with some treats/guilty pleasure thrown in for a healthy mind. Reading,‚Ä¶ https://t.co/GRf6Oov3S4"
2022-08-31 07:23:20+00:00,"@CoraSherlock In @McDonaldsIRL recently, 1st time in 2 years. Food, horrific,(Tullamore)  but I had 2 help 3 people‚Ä¶ https://t.co/IMGYhVTNcW"
2022-08-31 07:23:20+00:00,"Mars is not a chocolate maker, but a pet food company in stealth

The maker of Snickers, Mars, M&amp;M also owns Pedigr‚Ä¶ https://t.co/etTQGkYbbS"
2022-08-31 07:23:19+00:00,"RT @WallStreetSilv: üö®Breaking: Another food processing facility has caught on fire ... Getting a little suspicious now ...

üîä https://t.co/‚Ä¶"
2022-08-31 07:23:19+00:00,RT @Ct1YoFP: Studio Ghibli always makes food look delicious https://t.co/JXP2gkvo8m
2022-08-31 07:23:19+00:00,RT @renoomokri: Stop eating because you see food. Eat only when you are hungry. Stop having intercourse because you see a sexy man or woman‚Ä¶
2022-08-31 07:23:19+00:00,RT @KanchanGupta: Malicious @thewire_in spreads the canard that in his 'Mann ki Baat' PM Modi said 'conducting bhajans can help reduce maln‚Ä¶
2022-08-31 07:23:18+00:00,"@dhockey13 That game was absolutely bonkers! Crowd popped off when the goal was disallowed before, tossing food on‚Ä¶ https://t.co/kvyTbC6YE2"
2022-08-31 07:23:18+00:00,"RT @PTIofficial: Chained, tortured, kept in dark cells, not allowed access to family, no facilities in jail, no food for days, no medical a‚Ä¶"
2022-08-31 07:23:18+00:00,"RT @IamHappyToast: Remember none of this needs to happen. The climate could be saved, fuel could not cost so much, kids could have food, bu‚Ä¶"
2022-08-31 07:23:18+00:00,"RT @refrainbow: When they put food on the table... ü•µüíú

#VioletAtelier https://t.co/IJIA6kZKMe"
2022-08-31 07:23:17+00:00,RT @88risingRadio: TXT DECIDES: Mint choco or extremely spicy food? üî• @TXT_bighit https://t.co/lyl4vZ12RP
2022-08-31 07:23:17+00:00,RT @RUT0NIVERSE: To Junkyu: The hyung that I have a lot to thank for. I‚Äôll take care of you from now on. I don't know how you feel because‚Ä¶
2022-08-31 07:23:17+00:00,"RT @nytimes: More than 1,100 people have died as record monsoon rains hit Pakistan. More than one million homes have been damaged or destro‚Ä¶"
2022-08-31 07:23:17+00:00,"RT @GenshinImpact: Happy Birthday, Mona!

""Oh no, I'm running out of time to finish this article...""
""Mona, stop thinking about your articl‚Ä¶"
2022-08-31 07:23:17+00:00,@Veganstella3 It is very wrong but how do you feed 7 billion people  when floods and drought take away their food supply
2022-08-31 07:23:17+00:00,"RT @sabaalem6_sabi: @claranev said that ""the malnutrition and food insecurity statistics for Tigray were deeply concerning"". To collect rel‚Ä¶"
2022-08-31 07:23:16+00:00,@SwiggyCares If u are serious start with Onam sadya &amp; other delicacies available with various food outlets &amp; contin‚Ä¶ https://t.co/gUjfTcCUyr
2022-08-31 07:23:16+00:00,"RT @brightkaos: In research, we heard stories of children not coming to school or pretending to go home for lunch. Just because they don‚Äôt‚Ä¶"
2022-08-31 07:23:16+00:00,"RT @DanaitMulu1: @WFP said, @POTUS @SecBlinken
üìå 5.2M million ppl of #Tigray, nearly 90% of the population are now deemed ‚Äúfood insecure‚Äù,‚Ä¶"
2022-08-31 07:23:16+00:00,"RT @IamHappyToast: Remember none of this needs to happen. The climate could be saved, fuel could not cost so much, kids could have food, bu‚Ä¶"
2022-08-31 07:23:16+00:00,RT @JanelyMercedes0: This man just don‚Äôt know I‚Äôll wash his work clothes &amp; cook him food every nightüò≠üò≠
2022-08-31 07:23:16+00:00,"RT @KJuttV: The villagers of Dargah Katbar Sharif, suffering from a lack of food including clean drinking water, are waiting for aid under‚Ä¶"
2022-08-31 07:23:16+00:00,"RT @ZeruMulaw: #EndTigraySiege! For #670DaysOfTigray has been without food,medical supplies,telecom,electricity &amp; access to banks. How long‚Ä¶"
2022-08-31 07:23:15+00:00,"RT @wedi_hayelom11: @claranev said that ""the malnutrition and food insecurity statistics for Tigray were deeply concerning"". To collect rel‚Ä¶"
2022-08-31 07:23:15+00:00,RT @SiddallBarry: @hammer_mo @john4brexit You have no idea. Germany has reduced russian gas down to 9%. The storage facilities are 85% full‚Ä¶
2022-08-31 07:23:15+00:00,"RT @CrowSaorAlba1: In a few days the current British Prime Minister will leave office and despite his original bombastic promises, has sire‚Ä¶"
2022-08-31 07:23:15+00:00,@ZkrVicious86 @Nfucking_lit Animals don‚Äôt breed and farm other animals for food. They eat for survival only. Glad I could help explain that.
2022-08-31 07:23:15+00:00,@FOOD_FESS daun
2022-08-31 07:23:15+00:00,RT @SpeaksKshatriya: Hey food vlogger @chahatanand what exactly are you doing ? Who has give  you the rights to do such nonsense things on‚Ä¶
2022-08-31 07:23:15+00:00,RT @AmbarishSatwik: Humans need to be designated as cucinivores (adapted to feeding on cooked and processed food). We‚Äôve been consuming coo‚Ä¶
2022-08-31 07:23:15+00:00,"RT @sabaalem6_sabi: Following Tigray war and #TigraySiege, 
 &gt; 47% of households have faced extreme lack of food, 
 &gt; 65% of children under‚Ä¶"
2022-08-31 07:23:15+00:00,@LeaHedges @ernestdecugnac @westontiger2005 @DanielJHannan 'We will probably be going into a decade long global rec‚Ä¶ https://t.co/dmqbl9bknp
2022-08-31 07:23:14+00:00,"Food prices this month rose at the fastest rate since 2008 

Sky News  https://t.co/DDXXcEC8e0"
2022-08-31 07:23:14+00:00,"RT @DanaitMulu1: @claranev said that ""the @PowerUSAID malnutrition and food insecurity statistics for Tigray were deeply concerning"". To co‚Ä¶"
2022-08-31 07:23:14+00:00,@Fangzi_House Many Chinese people haven't enough food.
2022-08-31 07:23:14+00:00,RT @KanchanGupta: Malicious @thewire_in spreads the canard that in his 'Mann ki Baat' PM Modi said 'conducting bhajans can help reduce maln‚Ä¶
2022-08-31 07:23:14+00:00,"Takumi picks out a tomato and lets baby hold it cause ooooooo red color. After shopping keisuke come over to hang,‚Ä¶ https://t.co/W0hRGbziuM"
2022-08-31 07:23:14+00:00,@taekook2601x Tae been eating jk with his eyes more than me eating my food with my mouth for years
2022-08-31 07:23:14+00:00,"Ryosuke come home to Takumi attempting to get baby to stand awawaeawwwaawwwwwwwwwaAAAAAAAAA, it a fail but baby get‚Ä¶ https://t.co/1pTpyYWbpA"
2022-08-31 07:23:14+00:00,"RT @chantz_y: If you're complaining about the rise in food costs but don't wear a high-quality mask in indoor public places, let me tell yo‚Ä¶"
2022-08-31 07:23:14+00:00,"RT @wedi_hayelom11: Following Tigray war and #TigraySiege, 
‚ö†Ô∏è&gt; 47% of households have faced extreme lack of food, 
‚ö†Ô∏è&gt; 65% of children und‚Ä¶"
2022-08-31 07:23:14+00:00,"RT @PTIofficial: Chained, tortured, kept in dark cells, not allowed access to family, no facilities in jail, no food for days, no medical a‚Ä¶"
2022-08-31 07:23:14+00:00,"RT @CrowSaorAlba1: In a few days the current British Prime Minister will leave office and despite his original bombastic promises, has sire‚Ä¶"
2022-08-31 07:23:13+00:00,@I_Am_Odunze @Deevybs There is nothing wrong in doing that but when you involve me tidying up the kitchen you used‚Ä¶ https://t.co/lu2gQ93gew
2022-08-31 07:23:13+00:00,"RT @AhmedNagiYE: Food aid vessel leaves Ukraine for Yemen, WFP says https://t.co/nd6htSnRdD"
2022-08-31 07:23:13+00:00,RT @NewsArenaIndia: PM Modi spends his own money for the food he eats wherever he goes. He has never taken a penny from Govt treasury for h‚Ä¶
2022-08-31 07:23:13+00:00,"RT @sabaalem6_sabi: @WFP said, 
 5.2M million ppl of #Tigray, nearly 90% of the population are now deemed ‚Äúfood insecure‚Äù, out of those 
 2‚Ä¶"
2022-08-31 07:23:12+00:00,RT @88risingRadio: TXT DECIDES: Mint choco or extremely spicy food? üî• @TXT_bighit https://t.co/lyl4vZ12RP
2022-08-31 07:23:12+00:00,RT @photocumbria: Today‚Äôs edition of ‚ÄúWhy You Need Subs‚Äù is brought to you by @theipaper and their guide to cooking with an air-fryer. Real‚Ä¶
2022-08-31 07:23:12+00:00,"@Iromg @JuliaHB1 @TalkTV Because we pay for her heating and subsidise her food. She'll be just fine. We'll be cold, hungry and in debt"
2022-08-31 07:23:12+00:00,"trying to start slowly transitioning to more vegan choices-- 
difficult though bc I work in a cafeteria, at night,‚Ä¶ https://t.co/PS2RL9WpHN"
2022-08-31 07:23:12+00:00,"RT @Masho97887756: We urged the IC to demand the lift of the deadly siege in #Tigray. With no fuel in the region,no food aid can be distrib‚Ä¶"
2022-08-31 07:23:12+00:00,"RT @Ropheeha6: I need recommendations for open spaces to host bridal showers in Lagos.
Somewhere with picnic vibes, maybe a garden? we can‚Ä¶"
2022-08-31 07:23:12+00:00,"RT @IFarmers: Food and farming fans under 30, this üëá"
2022-08-31 07:23:11+00:00,"RT @thecannibalsnft: While 10,000 degenerates partied on Crypto Island, nuclear war ended civilization. 

Now, they must fend for themselve‚Ä¶"
2022-08-31 07:23:11+00:00,"RT @MothershipSG: Seah Im Food Centre officially closed for 6-month renovation from Sep. 1, 2022-Feb. 28, 2023 https://t.co/vw9nV50p7d http‚Ä¶"
2022-08-31 07:23:11+00:00,"RT @uytimes: Please, everyone, see how they are throwing away Nan bread. We must be punished for wasting food üò≠  Even rubbish does not amou‚Ä¶"
2022-08-31 07:23:11+00:00,@abgmulan gud food gud music ur winning rn
2022-08-31 07:23:11+00:00,"RT @GenshinImpact: Happy Birthday, Mona!

""Oh no, I'm running out of time to finish this article...""
""Mona, stop thinking about your articl‚Ä¶"
2022-08-31 07:23:10+00:00,"@hollyhock140 @trussliz It's a very clever ploy.  When all the food banks close down, the Tories will claim they di‚Ä¶ https://t.co/QgYYTYy5P8"
2022-08-31 07:23:10+00:00,"RT @Indian_Analyzer: BIG Revelation by RTI:

PM Modi himself pays for his Food. Tax Payers Money is not used for itü§Ø"
2022-08-31 07:23:10+00:00,RT @iuxintoyuri: so this is why yuri said she still eat the dorm aunt‚Äôs food along with taeyeon and hyoyeon because they all stay in the do‚Ä¶
2022-08-31 07:23:09+00:00,RT @Thislifezoe: @NotarealNigga2 @tyewoolove Those flies that attends to food getting ready to spoil
2022-08-31 07:23:09+00:00,"RT @JudgeDqn: -Guy shared his story on how he finally eats his neighbors daughter‚Äôs FooDüëâüëå
Read and share your experience üí£ https://t.co/Ad‚Ä¶"
2022-08-31 07:23:09+00:00,"@bennewmark I usually go once the kids have had food and a bath, but before they go to bed (so about 6pm - our kids‚Ä¶ https://t.co/HeAFMFPp2G"
2022-08-31 07:23:09+00:00,i was in the middle of cooking now my food is wet and uncooked üßçüèº‚Äç‚ôÄÔ∏èüî™
2022-08-31 07:23:09+00:00,"RT @PeshAhumuza: We are still collecting money to buy school supplies, food, sanitation pads and so much more for the people of Mbale after‚Ä¶"
